'shoulder_pan.pos', 'shoulder_lift.pos', 'elbow_flex.pos', 'wrist_flex.pos', 'wrist_roll.pos', 'gripper.pos'
12.785807609558105,-32.44221878051758,14.296945571899414,74.646728515625,8.374719619750977,14.611663818359375
12.97650146484375,-32.35991668701172,13.899372100830078,74.62115478515625,8.374232292175293,14.61168098449707
13.005382537841797,-32.38306427001953,13.627038955688477,74.6270751953125,8.374468803405762,14.61168098449707
13.178304672241211,-32.347984313964844,13.322921752929688,74.6320571899414,8.375127792358398,14.61168384552002
13.403995513916016,-32.31270217895508,12.972366333007812,74.6197280883789,8.376005172729492,14.611710548400879
13.5774507522583,-32.39970016479492,12.735403060913086,74.59844207763672,8.376629829406738,14.611709594726562
13.749168395996094,-32.36336135864258,12.59573745727539,74.5982894897461,8.377191543579102,14.611727714538574
13.969681739807129,-32.29017639160156,12.391239166259766,74.61557006835938,8.378329277038574,14.611712455749512
13.953390121459961,-32.320457458496094,12.213508605957031,74.59876251220703,8.379125595092773,14.611734390258789
14.32664680480957,-32.372657775878906,12.20956039428711,74.61776733398438,8.3804349899292,14.611711502075195
14.12554931640625,-32.380584716796875,12.063661575317383,74.6178207397461,8.380979537963867,14.611730575561523
14.085996627807617,-32.46086883544922,11.95958137512207,74.6153564453125,8.381494522094727,14.611734390258789
14.440074920654297,-32.40889358520508,11.990890502929688,74.62532806396484,8.382076263427734,14.611732482910156
14.389252662658691,-32.50277328491211,11.945545196533203,74.62674713134766,8.382607460021973,14.611730575561523
14.390459060668945,-32.55601501464844,12.070049285888672,74.6273193359375,8.383465766906738,14.611716270446777
14.60420036315918,-32.45708465576172,11.938817977905273,74.62992095947266,8.38365364074707,14.611729621887207
15.00566291809082,-32.571128845214844,12.04788589477539,74.63605499267578,8.384214401245117,14.611716270446777
14.776902198791504,-32.412296295166016,11.879867553710938,74.63548278808594,8.384669303894043,14.611726760864258
14.84947395324707,-32.49744415283203,11.927417755126953,74.64131164550781,8.384892463684082,14.611722946166992
14.95489501953125,-32.45069122314453,11.929571151733398,74.65177154541016,8.385334968566895,14.611719131469727
15.279452323913574,-32.4620475769043,11.967660903930664,74.6661376953125,8.385880470275879,14.611712455749512
15.191423416137695,-32.45709228515625,12.055652618408203,74.64154815673828,8.385828971862793,14.61173152923584
15.209676742553711,-32.41640090942383,11.960369110107422,74.65845489501953,8.38671588897705,14.611717224121094
15.196391105651855,-32.5390625,12.002737045288086,74.6385726928711,8.386860847473145,14.611708641052246
15.357240676879883,-32.41311264038086,11.943256378173828,74.64533996582031,8.386520385742188,14.61172103881836
15.534294128417969,-32.365291595458984,12.032020568847656,74.66061401367188,8.386574745178223,14.611715316772461
15.65030574798584,-32.406005859375,12.109846115112305,74.65180206298828,8.386490821838379,14.611720085144043
15.70691204071045,-32.27839279174805,12.079957962036133,74.67713928222656,8.386757850646973,14.611712455749512
15.66012954711914,-32.319305419921875,12.125795364379883,74.65641784667969,8.38723087310791,14.611710548400879
15.84537410736084,-32.291847229003906,12.030189514160156,74.66533660888672,8.387057304382324,14.611708641052246
15.883806228637695,-32.29298400878906,12.118240356445312,74.65276336669922,8.386576652526855,14.611703872680664
16.023427963256836,-32.313270568847656,12.154436111450195,74.64842987060547,8.386932373046875,14.611696243286133
16.048295974731445,-32.280704498291016,12.12762451171875,74.64923095703125,8.386590003967285,14.611700057983398
16.287399291992188,-32.261512756347656,12.146425247192383,74.64599609375,8.385880470275879,14.611713409423828
16.36333656311035,-32.236839294433594,12.266891479492188,74.6589584350586,8.385893821716309,14.611693382263184
16.356056213378906,-32.21805953979492,12.216127395629883,74.65333557128906,8.385887145996094,14.611685752868652
16.12215232849121,-32.22006607055664,12.283164978027344,74.64854431152344,8.386335372924805,14.611699104309082
16.304397583007812,-32.17334747314453,12.222719192504883,74.64783477783203,8.386199951171875,14.6116943359375
16.586347579956055,-32.18278884887695,12.226114273071289,74.65288543701172,8.38539981842041,14.611685752868652
16.458690643310547,-32.122222900390625,12.296791076660156,74.64035034179688,8.385344505310059,14.6116943359375
16.684276580810547,-32.17311477661133,12.33895492553711,74.63422393798828,8.385147094726562,14.611673355102539
16.606773376464844,-32.08744430541992,12.220691680908203,74.63516235351562,8.3851318359375,14.611690521240234
16.619491577148438,-32.12548828125,12.318405151367188,74.6336898803711,8.384783744812012,14.611680030822754
16.66933822631836,-31.989086151123047,12.205070495605469,74.62853240966797,8.384839057922363,14.61170768737793
16.8779296875,-32.0775032043457,12.36063003540039,74.62797546386719,8.384243965148926,14.611682891845703
16.81854820251465,-31.957887649536133,12.255765914916992,74.62104797363281,8.384428024291992,14.611688613891602
16.953102111816406,-31.952848434448242,12.221338272094727,74.62548828125,8.384170532226562,14.6116943359375
16.94784164428711,-31.994754791259766,12.305559158325195,74.61564636230469,8.384864807128906,14.611695289611816
16.96963119506836,-31.922607421875,12.303094863891602,74.63050079345703,8.384269714355469,14.611673355102539
17.06780242919922,-31.86105728149414,12.269824981689453,74.61531066894531,8.383553504943848,14.611682891845703
17.150039672851562,-31.773345947265625,12.200525283813477,74.62027740478516,8.384160995483398,14.611680030822754
17.0472412109375,-31.810211181640625,12.284183502197266,74.62060546875,8.384421348571777,14.611701965332031
17.07483673095703,-31.75815200805664,12.293428421020508,74.62104797363281,8.384072303771973,14.611695289611816
17.40270233154297,-31.80652618408203,12.330551147460938,74.61336517333984,8.384051322937012,14.6116943359375
17.411273956298828,-31.658729553222656,12.29232406616211,74.60501861572266,8.383184432983398,14.611703872680664
17.49535369873047,-31.679786682128906,12.285726547241211,74.59609985351562,8.38302230834961,14.61169147491455
17.561033248901367,-31.642986297607422,12.251319885253906,74.60277557373047,8.383442878723145,14.611689567565918
17.775897979736328,-31.645004272460938,12.20477294921875,74.61553955078125,8.383456230163574,14.611680030822754
17.75558853149414,-31.568008422851562,12.250925064086914,74.60006713867188,8.383635520935059,14.611693382263184
17.91570281982422,-31.577350616455078,12.264520645141602,74.5979995727539,8.382983207702637,14.611680030822754
17.946857452392578,-31.54493522644043,12.323936462402344,74.6089096069336,8.383397102355957,14.61168384552002
18.154808044433594,-31.478809356689453,12.187028884887695,74.60421752929688,8.383376121520996,14.611687660217285
17.8836669921875,-31.483863830566406,12.26087760925293,74.59513092041016,8.383712768554688,14.611692428588867
18.256317138671875,-31.452194213867188,12.223371505737305,74.58155059814453,8.383583068847656,14.61169719696045
18.411893844604492,-31.430248260498047,12.21279525756836,74.60208129882812,8.383700370788574,14.611669540405273
18.270891189575195,-31.40793228149414,12.182470321655273,74.60153198242188,8.38341999053955,14.611673355102539
18.637033462524414,-31.29815673828125,12.14345932006836,74.58988952636719,8.383068084716797,14.611679077148438
18.606660842895508,-31.28568458557129,12.191459655761719,74.58499908447266,8.382866859436035,14.611681938171387
18.69247055053711,-31.263877868652344,12.146791458129883,74.5978012084961,8.383331298828125,14.611677169799805
18.782371520996094,-31.28314208984375,12.079023361206055,74.600830078125,8.383567810058594,14.611654281616211
19.02227783203125,-31.24313735961914,12.095329284667969,74.59347534179688,8.383431434631348,14.611664772033691
18.94025993347168,-31.203556060791016,12.141077041625977,74.60848999023438,8.383524894714355,14.611650466918945
19.04135513305664,-31.188201904296875,12.09402084350586,74.59671020507812,8.383793830871582,14.611652374267578
19.08367156982422,-31.126667022705078,12.027013778686523,74.6065902709961,8.384100914001465,14.611655235290527
19.009788513183594,-31.072711944580078,12.080493927001953,74.59367370605469,8.38342571258545,14.611642837524414
19.130441665649414,-31.03437042236328,12.025732040405273,74.61126708984375,8.38383674621582,14.611650466918945
19.093481063842773,-31.101940155029297,12.127279281616211,74.59651184082031,8.383838653564453,14.611641883850098
19.105239868164062,-31.116918563842773,12.123931884765625,74.62500762939453,8.383997917175293,14.611618041992188
19.091751098632812,-31.113197326660156,12.15641975402832,74.59221649169922,8.384452819824219,14.611610412597656
19.171403884887695,-30.988189697265625,12.084592819213867,74.60440826416016,8.384345054626465,14.611607551574707
19.36235809326172,-30.94260025024414,12.036371231079102,74.6009292602539,8.384281158447266,14.611614227294922
19.261375427246094,-30.96502685546875,12.108430862426758,74.63070678710938,8.384222030639648,14.611603736877441
19.06340789794922,-31.127220153808594,12.273500442504883,74.59584045410156,8.384256362915039,14.61157512664795
19.18279266357422,-31.085529327392578,12.241121292114258,74.62422180175781,8.38477897644043,14.611557006835938
18.824546813964844,-31.05807876586914,12.258834838867188,74.60319519042969,8.384848594665527,14.611567497253418
18.555408477783203,-31.0867919921875,12.220272064208984,74.58512878417969,8.3838472366333,14.61154842376709
18.692180633544922,-31.039295196533203,12.215593338012695,74.62020111083984,8.384502410888672,14.611544609069824
18.402976989746094,-31.06562614440918,12.311656951904297,74.6224594116211,8.38419246673584,14.611530303955078
18.452800750732422,-30.99362564086914,12.38798713684082,74.60714721679688,8.383931159973145,14.611549377441406
17.998184204101562,-31.09585189819336,12.454296112060547,74.60472869873047,8.383544921875,14.611515998840332
17.6259822845459,-31.165233612060547,12.550848007202148,74.61585998535156,8.38316535949707,14.611527442932129
17.5622615814209,-31.14374542236328,12.70944595336914,74.59379577636719,8.382086753845215,14.611531257629395
17.128068923950195,-31.224306106567383,12.855918884277344,74.59253692626953,8.38184642791748,14.611527442932129
16.860044479370117,-31.19894027709961,12.92904281616211,74.61074829101562,8.381246566772461,14.611526489257812
16.705617904663086,-31.219829559326172,12.988834381103516,74.5999526977539,8.381324768066406,14.611519813537598
16.596233367919922,-31.137340545654297,13.044830322265625,74.5815200805664,8.380284309387207,14.611513137817383
16.05268096923828,-31.313823699951172,13.259466171264648,74.5813217163086,8.379676818847656,14.6115083694458
15.879983901977539,-31.301342010498047,13.277647018432617,74.5572509765625,8.379526138305664,14.611518859863281
15.52314567565918,-31.35931396484375,13.543071746826172,74.56294250488281,8.379005432128906,14.61151123046875
15.758918762207031,-31.18537712097168,13.339075088500977,74.57669067382812,8.37916088104248,14.611506462097168
5.6050801277160645,-8.824073791503906,-13.946712493896484,76.8602294921875,8.444864273071289,14.612110137939453
6.966620922088623,-9.359149932861328,-13.18923568725586,76.82866668701172,8.44493293762207,14.612184524536133
7.300633907318115,-9.699798583984375,-13.121849060058594,76.79130554199219,8.444982528686523,14.612167358398438
7.541867256164551,-10.118019104003906,-12.68832015991211,76.76126098632812,8.44503116607666,14.61220645904541
8.07496452331543,-10.174468994140625,-12.372509002685547,76.73049926757812,8.445362091064453,14.612250328063965
8.194074630737305,-10.08462142944336,-12.307830810546875,76.68507385253906,8.445237159729004,14.612227439880371
9.798672676086426,-10.75680160522461,-11.568050384521484,76.6496353149414,8.444953918457031,14.612390518188477
11.29268741607666,-10.913421630859375,-10.846736907958984,76.5926284790039,8.44548225402832,14.612521171569824
11.502313613891602,-11.049800872802734,-10.6568603515625,76.5965576171875,8.445316314697266,14.612464904785156
13.030288696289062,-10.925350189208984,-10.179683685302734,76.56480407714844,8.445344924926758,14.612530708312988
14.164985656738281,-11.522823333740234,-9.456695556640625,76.5106201171875,8.445361137390137,14.61252498626709
15.87466812133789,-11.854438781738281,-8.70037841796875,76.47622680664062,8.445343971252441,14.612489700317383
15.980266571044922,-11.33367919921875,-9.059406280517578,76.46817016601562,8.445412635803223,14.612582206726074
17.717819213867188,-11.66463851928711,-8.344398498535156,76.46753692626953,8.445388793945312,14.612523078918457
18.59391975402832,-11.696441650390625,-7.811672210693359,76.39114379882812,8.445387840270996,14.612433433532715
19.957935333251953,-11.772987365722656,-7.43267822265625,76.3416519165039,8.444618225097656,14.612371444702148
21.471040725708008,-12.005603790283203,-6.6485595703125,76.31946563720703,8.444517135620117,14.612373352050781
22.037200927734375,-11.996658325195312,-6.410335540771484,76.30866241455078,8.444219589233398,14.6123685836792
23.238971710205078,-12.223907470703125,-5.917449951171875,76.29498291015625,8.44421100616455,14.612324714660645
23.766313552856445,-11.915721893310547,-6.130107879638672,76.35287475585938,8.443920135498047,14.612295150756836
24.517105102539062,-12.56301498413086,-5.601966857910156,76.28123474121094,8.444049835205078,14.612314224243164
25.21514320373535,-12.23154067993164,-5.689491271972656,76.31488800048828,8.443582534790039,14.61224365234375
25.961620330810547,-12.733428955078125,-5.048820495605469,76.28218841552734,8.443476676940918,14.612290382385254
26.41916275024414,-12.71884536743164,-5.1205902099609375,76.27742767333984,8.44332504272461,14.612276077270508
26.613317489624023,-12.648250579833984,-4.935508728027344,76.25738525390625,8.443359375,14.612244606018066
26.967117309570312,-12.730194091796875,-4.85650634765625,76.2474594116211,8.443280220031738,14.612228393554688
27.728271484375,-12.849853515625,-4.693996429443359,76.26983642578125,8.443078994750977,14.612269401550293
27.09160614013672,-12.679145812988281,-4.746612548828125,76.24168395996094,8.442901611328125,14.612245559692383
27.35220718383789,-12.527423858642578,-5.024448394775391,76.24002075195312,8.442933082580566,14.612178802490234
27.365280151367188,-12.68978500366211,-4.843849182128906,76.2383041381836,8.442737579345703,14.612208366394043
27.438404083251953,-12.471542358398438,-5.173500061035156,76.26107788085938,8.443015098571777,14.61216926574707
27.762168884277344,-12.603530883789062,-4.885540008544922,76.26252746582031,8.442872047424316,14.612197875976562
28.181400299072266,-12.813606262207031,-4.770362854003906,76.25123596191406,8.4430513381958,14.612161636352539
27.220577239990234,-12.422420501708984,-4.995151519775391,76.22249603271484,8.442865371704102,14.612147331237793
28.681068420410156,-12.827590942382812,-4.734596252441406,76.2745590209961,8.443044662475586,14.61215877532959
27.803783416748047,-12.512954711914062,-5.024715423583984,76.25074768066406,8.442638397216797,14.612123489379883
28.069168090820312,-12.814701080322266,-4.740394592285156,76.2435302734375,8.443050384521484,14.612119674682617
28.22791290283203,-12.462623596191406,-4.913642883300781,76.27355194091797,8.442811965942383,14.612113952636719
27.998741149902344,-12.558578491210938,-4.8782958984375,76.24874114990234,8.442705154418945,14.612154006958008
28.23853302001953,-12.669620513916016,-4.675121307373047,76.26168823242188,8.443046569824219,14.612157821655273
27.679462432861328,-12.463985443115234,-4.960742950439453,76.26046752929688,8.442980766296387,14.61213493347168
27.60983657836914,-12.317031860351562,-5.302501678466797,76.25685119628906,8.442791938781738,14.612100601196289
28.096782684326172,-12.597278594970703,-4.943561553955078,76.26161193847656,8.4429931640625,14.612133979797363
27.548179626464844,-12.567329406738281,-4.902797698974609,76.2446517944336,8.443175315856934,14.612075805664062
27.452667236328125,-12.608970642089844,-4.757568359375,76.24315643310547,8.443021774291992,14.612128257751465
26.811988830566406,-12.129730224609375,-5.478336334228516,76.25797271728516,8.44294261932373,14.612079620361328
27.400115966796875,-12.424823760986328,-5.218257904052734,76.23989868164062,8.443077087402344,14.612103462219238
27.27065658569336,-12.455162048339844,-5.137908935546875,76.2492904663086,8.443323135375977,14.612051963806152
26.858016967773438,-12.349796295166016,-5.291881561279297,76.23319244384766,8.44323444366455,14.612054824829102
26.959030151367188,-12.393657684326172,-5.067909240722656,76.22459411621094,8.443331718444824,14.612077713012695
26.84654998779297,-12.280426025390625,-5.237880706787109,76.23719024658203,8.443352699279785,14.612058639526367
26.97681427001953,-12.179527282714844,-5.514476776123047,76.24351501464844,8.443190574645996,14.612049102783203
26.285890579223633,-11.822166442871094,-5.817710876464844,76.24481964111328,8.443293571472168,14.612022399902344
26.559432983398438,-12.118736267089844,-5.438213348388672,76.2422103881836,8.443498611450195,14.612051963806152
25.96584701538086,-12.128715515136719,-5.832069396972656,76.19979095458984,8.443354606628418,14.612001419067383
25.145973205566406,-11.678466796875,-5.81561279296875,76.2230453491211,8.443256378173828,14.612025260925293
26.004348754882812,-11.970081329345703,-5.699108123779297,76.21601104736328,8.443367958068848,14.61202621459961
26.308664321899414,-12.003715515136719,-5.609367370605469,76.22368621826172,8.443506240844727,14.612041473388672
25.975019454956055,-11.935348510742188,-5.785503387451172,76.227783203125,8.44365119934082,14.61198902130127
25.15251922607422,-11.704170227050781,-5.908443450927734,76.22266387939453,8.443465232849121,14.612014770507812
26.0401611328125,-11.796192169189453,-6.050670623779297,76.23873901367188,8.443696975708008,14.612000465393066
26.824783325195312,-11.870193481445312,-6.318199157714844,76.20710754394531,8.44386100769043,14.612024307250977
25.312368392944336,-11.427433013916016,-6.312538146972656,76.22357177734375,8.443623542785645,14.61198902130127
25.778560638427734,-11.575515747070312,-6.141094207763672,76.20710754394531,8.443817138671875,14.612025260925293
25.69744110107422,-11.410972595214844,-6.373809814453125,76.21987915039062,8.44396686553955,14.611983299255371
26.327003479003906,-11.449787139892578,-6.478538513183594,76.21752166748047,8.444244384765625,14.612030029296875
25.68014907836914,-11.148475646972656,-6.322940826416016,76.22103881835938,8.444257736206055,14.612010955810547
25.844221115112305,-11.138938903808594,-6.326007843017578,76.25637817382812,8.44437313079834,14.6119966506958
25.68708038330078,-10.947559356689453,-6.59234619140625,76.22026824951172,8.444450378417969,14.612027168273926
25.696657180786133,-10.840312957763672,-6.632205963134766,76.2281265258789,8.444595336914062,14.612045288085938
25.82265853881836,-10.654991149902344,-6.632579803466797,76.21771240234375,8.444883346557617,14.612099647521973
25.947553634643555,-10.95412826538086,-6.370548248291016,76.21769714355469,8.445018768310547,14.612067222595215
26.06729507446289,-10.500091552734375,-6.698585510253906,76.22233581542969,8.445199966430664,14.612105369567871
25.863826751708984,-10.24740982055664,-7.038478851318359,76.22667694091797,8.445188522338867,14.612083435058594
25.433584213256836,-9.97872543334961,-6.818691253662109,76.22140502929688,8.445301055908203,14.612107276916504
26.105064392089844,-9.968124389648438,-6.890262603759766,76.22727966308594,8.445348739624023,14.612116813659668
25.916309356689453,-10.093547821044922,-6.655673980712891,76.21707153320312,8.445528984069824,14.612093925476074
25.67313575744629,-9.74899673461914,-6.962249755859375,76.21226501464844,8.445683479309082,14.612074851989746
25.625465393066406,-9.421733856201172,-7.027797698974609,76.23667907714844,8.445589065551758,14.61209774017334
25.46932601928711,-9.560989379882812,-6.984546661376953,76.21672821044922,8.445685386657715,14.612112045288086
25.51304054260254,-9.168949127197266,-7.194488525390625,76.22850036621094,8.445791244506836,14.612080574035645
24.565893173217773,-9.33919906616211,-7.047130584716797,76.21373748779297,8.44580364227295,14.612055778503418
25.384475708007812,-9.33724594116211,-7.325145721435547,76.21920013427734,8.445525169372559,14.612066268920898
24.897531509399414,-9.027336120605469,-7.314422607421875,76.23281860351562,8.445693969726562,14.612083435058594
24.679485321044922,-9.191844940185547,-7.370990753173828,76.2321548461914,8.445455551147461,14.612046241760254
24.05533218383789,-9.09096908569336,-7.167919158935547,76.20796203613281,8.445446968078613,14.61208438873291
23.817459106445312,-8.876384735107422,-7.4223785400390625,76.22460174560547,8.445469856262207,14.612049102783203
24.167924880981445,-8.768791198730469,-7.706047058105469,76.23046875,8.445389747619629,14.612085342407227
23.82823944091797,-8.647876739501953,-7.701774597167969,76.24261474609375,8.44556999206543,14.612074851989746
22.93732261657715,-8.535972595214844,-7.829620361328125,76.2750015258789,8.445474624633789,14.61206340789795
22.13717269897461,-8.38632583618164,-8.002681732177734,76.26624298095703,8.4453706741333,14.612075805664062
21.583864212036133,-8.56576156616211,-7.908870697021484,76.27275085449219,8.445352554321289,14.612103462219238
21.056678771972656,-8.62579345703125,-7.943782806396484,76.25296783447266,8.445093154907227,14.612088203430176
20.934234619140625,-8.643863677978516,-8.029457092285156,76.28439331054688,8.445219993591309,14.612105369567871
20.159944534301758,-8.75494384765625,-8.010841369628906,76.28199768066406,8.445039749145508,14.612139701843262
18.803226470947266,-8.877166748046875,-8.194202423095703,76.31044006347656,8.444916725158691,14.612137794494629
17.354793548583984,-9.346778869628906,-8.056770324707031,76.30376434326172,8.444852828979492,14.612180709838867
16.21976089477539,-9.405147552490234,-8.356670379638672,76.34246063232422,8.444604873657227,14.61215877532959
14.558765411376953,-9.507308959960938,-8.673141479492188,76.36941528320312,8.444817543029785,14.61217975616455
14.921835899353027,-9.213569641113281,-8.929267883300781,76.39425659179688,8.444663047790527,14.612195014953613
4.1837286949157715,19.964805603027344,-35.330963134765625,77.68521881103516,8.447123527526855,14.611750602722168
4.954414367675781,19.967010498046875,-35.39952087402344,77.69593811035156,8.447129249572754,14.61174488067627
5.566623687744141,20.458053588867188,-35.99647521972656,77.69871520996094,8.446890830993652,14.611750602722168
6.546894550323486,20.12945556640625,-36.439231872558594,77.67790222167969,8.446443557739258,14.611836433410645
6.246454238891602,20.031402587890625,-37.00482177734375,77.69185638427734,8.446028709411621,14.611898422241211
6.719673156738281,20.167755126953125,-37.432830810546875,77.70462036132812,8.4458589553833,14.611936569213867
7.793831825256348,20.083351135253906,-37.81324005126953,77.68488311767578,8.445592880249023,14.611997604370117
7.7633748054504395,19.6082763671875,-38.02821350097656,77.67631530761719,8.445484161376953,14.612064361572266
8.496380805969238,19.712356567382812,-37.9915771484375,77.68365478515625,8.445533752441406,14.61207389831543
8.827125549316406,18.932693481445312,-38.502647399902344,77.6717300415039,8.445000648498535,14.612019538879395
9.196897506713867,18.935455322265625,-38.74158477783203,77.65800476074219,8.44528579711914,14.612127304077148
10.014975547790527,18.644058227539062,-38.4366455078125,77.6631088256836,8.445379257202148,14.612064361572266
9.882380485534668,18.77306365966797,-39.017333984375,77.67454528808594,8.44541072845459,14.612122535705566
10.481274604797363,18.269943237304688,-38.508079528808594,77.66349792480469,8.444971084594727,14.612161636352539
10.940725326538086,18.35700225830078,-38.93833923339844,77.6436767578125,8.445433616638184,14.612138748168945
11.556026458740234,18.08576202392578,-39.26176452636719,77.62460327148438,8.445703506469727,14.612080574035645
12.835415840148926,17.74121856689453,-38.92083740234375,77.61119842529297,8.44583511352539,14.612146377563477
12.333661079406738,17.47644805908203,-38.980995178222656,77.62738800048828,8.4464111328125,14.612091064453125
14.061573028564453,17.939205169677734,-39.251121520996094,77.62274932861328,8.446406364440918,14.612144470214844
14.68513011932373,17.558269500732422,-39.266761779785156,77.61763763427734,8.446497917175293,14.612104415893555
14.78781509399414,17.295166015625,-39.01825714111328,77.60946655273438,8.446126937866211,14.612104415893555
15.681896209716797,17.869686126708984,-39.63319396972656,77.6058120727539,8.446645736694336,14.612079620361328
15.858482360839844,17.29448699951172,-39.27430725097656,77.60467529296875,8.44708251953125,14.612138748168945
16.543352127075195,17.406997680664062,-39.60015869140625,77.57806396484375,8.447077751159668,14.61209774017334
17.938217163085938,17.61441421508789,-39.683677673339844,77.56522369384766,8.447248458862305,14.612110137939453
19.032794952392578,17.360069274902344,-39.59007263183594,77.5446548461914,8.44757080078125,14.612109184265137
19.815505981445312,17.16118621826172,-39.486427307128906,77.54009246826172,8.447906494140625,14.612110137939453
19.64723014831543,17.152767181396484,-39.591331481933594,77.51966857910156,8.44788932800293,14.612147331237793
20.542186737060547,16.925636291503906,-39.47040557861328,77.47347259521484,8.448330879211426,14.612083435058594
21.155874252319336,16.528663635253906,-39.06745910644531,77.49410247802734,8.448287010192871,14.612139701843262
21.490921020507812,17.302814483642578,-39.87025451660156,77.48957824707031,8.448262214660645,14.612120628356934
21.27790641784668,17.504688262939453,-39.91001892089844,77.48848724365234,8.44793701171875,14.6121244430542
22.349639892578125,17.34579086303711,-39.838356018066406,77.46955108642578,8.4478178024292,14.612100601196289
21.4974365234375,17.36377716064453,-39.92897033691406,77.44116973876953,8.448175430297852,14.612104415893555
22.85212516784668,17.549530029296875,-39.916839599609375,77.46823120117188,8.448040008544922,14.612112998962402
22.495807647705078,17.463314056396484,-39.976661682128906,77.44717407226562,8.44822883605957,14.612072944641113
22.546680450439453,16.43197250366211,-39.05860137939453,77.4044189453125,8.448328018188477,14.61205768585205
22.337848663330078,17.371112823486328,-39.927818298339844,77.421142578125,8.448288917541504,14.612069129943848
22.574371337890625,17.779937744140625,-40.285247802734375,77.42724609375,8.44830322265625,14.612081527709961
22.37294578552246,17.54715347290039,-40.111610412597656,77.40381622314453,8.448041915893555,14.612085342407227
21.904399871826172,18.45770263671875,-40.977783203125,77.422607421875,8.447715759277344,14.612123489379883
21.951108932495117,18.144126892089844,-40.87217712402344,77.39923858642578,8.448186874389648,14.612089157104492
22.456329345703125,18.51885986328125,-41.208351135253906,77.4149169921875,8.44753646850586,14.612103462219238
22.025806427001953,18.529037475585938,-41.294036865234375,77.39043426513672,8.447857856750488,14.612075805664062
21.64470863342285,18.471454620361328,-41.122772216796875,77.38798522949219,8.448054313659668,14.612091064453125
21.50808334350586,18.799266815185547,-41.699066162109375,77.3664779663086,8.448105812072754,14.612035751342773
21.680137634277344,18.984146118164062,-41.825279235839844,77.37031555175781,8.44831657409668,14.612014770507812
22.07494354248047,19.10832977294922,-41.78485107421875,77.37959289550781,8.448213577270508,14.612007141113281
21.78293228149414,19.023086547851562,-41.87770080566406,77.35112762451172,8.448346138000488,14.611974716186523
21.579097747802734,19.09972381591797,-41.79486846923828,77.34584045410156,8.448558807373047,14.61199951171875
21.632919311523438,19.38634490966797,-42.042388916015625,77.35979461669922,8.448474884033203,14.612021446228027
22.179168701171875,19.365150451660156,-42.16356658935547,77.36482238769531,8.448431015014648,14.611957550048828
21.75125503540039,19.584609985351562,-42.373016357421875,77.35633850097656,8.448314666748047,14.611930847167969
21.81182098388672,19.28350067138672,-42.08489227294922,77.34046173095703,8.448424339294434,14.611942291259766
21.606460571289062,19.554458618164062,-42.56825256347656,77.32633972167969,8.448406219482422,14.61188793182373
21.367839813232422,19.99993896484375,-42.74059295654297,77.3375244140625,8.448358535766602,14.611923217773438
21.926456451416016,19.851364135742188,-42.62654113769531,77.33899688720703,8.448575019836426,14.6118745803833
22.351036071777344,19.854232788085938,-42.49913024902344,77.34657287597656,8.448551177978516,14.611891746520996
21.822528839111328,19.946029663085938,-42.49745178222656,77.33377075195312,8.448715209960938,14.61184310913086
21.718326568603516,19.79851531982422,-42.532562255859375,77.32807159423828,8.448507308959961,14.611857414245605
21.846649169921875,19.865188598632812,-42.52862548828125,77.3250961303711,8.448840141296387,14.611798286437988
21.76580810546875,20.042068481445312,-42.47899627685547,77.32501983642578,8.448808670043945,14.611771583557129
21.310977935791016,20.222854614257812,-42.707435607910156,77.33141326904297,8.448873519897461,14.61179256439209
21.704570770263672,20.171951293945312,-42.462684631347656,77.31514739990234,8.448884963989258,14.611737251281738
21.417789459228516,20.219749450683594,-42.410736083984375,77.31105041503906,8.449012756347656,14.611721992492676
21.465187072753906,20.137184143066406,-42.371070861816406,77.30353546142578,8.449084281921387,14.611699104309082
21.263057708740234,20.36402130126953,-42.26844024658203,77.31204986572266,8.449148178100586,14.611689567565918
21.228397369384766,20.364913940429688,-42.123756408691406,77.31208801269531,8.449178695678711,14.611659049987793
21.18399429321289,20.203033447265625,-41.915565490722656,77.28144073486328,8.44916820526123,14.611574172973633
21.05542755126953,20.305191040039062,-42.16380310058594,77.29627227783203,8.449058532714844,14.61164665222168
21.087810516357422,20.41796875,-41.969947814941406,77.29197692871094,8.449190139770508,14.611580848693848
20.906829833984375,20.09912872314453,-41.71863555908203,77.27632904052734,8.4491605758667,14.611595153808594
20.763059616088867,20.311134338378906,-41.85987854003906,77.27701568603516,8.449271202087402,14.6115140914917
20.689855575561523,20.363006591796875,-41.723793029785156,77.2825698852539,8.449203491210938,14.611538887023926
20.321849822998047,20.370193481445312,-41.67430114746094,77.28041076660156,8.449217796325684,14.61152458190918
20.430667877197266,20.564224243164062,-41.661598205566406,77.28388977050781,8.449220657348633,14.611515998840332
20.415023803710938,20.372703552246094,-41.323646545410156,77.26901245117188,8.449300765991211,14.611446380615234
19.949106216430664,20.473594665527344,-41.37866973876953,77.26373291015625,8.449217796325684,14.611457824707031
19.88128089904785,20.614334106445312,-41.453125,77.27061462402344,8.44926643371582,14.611441612243652
19.642627716064453,20.49395751953125,-41.1456298828125,77.24571228027344,8.449189186096191,14.611433029174805
19.572372436523438,20.80010986328125,-41.271392822265625,77.26143646240234,8.449225425720215,14.611388206481934
19.105838775634766,20.59814453125,-40.994285583496094,77.2417221069336,8.449098587036133,14.611343383789062
19.77484893798828,20.636917114257812,-41.14317321777344,77.2422866821289,8.449174880981445,14.611380577087402
18.952287673950195,20.83881378173828,-41.17517852783203,77.25540161132812,8.449076652526855,14.611369132995605
18.885406494140625,20.759246826171875,-41.079627990722656,77.24077606201172,8.44914722442627,14.611348152160645
18.641246795654297,20.8095703125,-40.902488708496094,77.2440414428711,8.4490385055542,14.611393928527832
18.582612991333008,20.878273010253906,-41.05682373046875,77.2509765625,8.449061393737793,14.61138916015625
18.5288143157959,21.06739044189453,-41.170196533203125,77.24864959716797,8.449034690856934,14.611419677734375
18.234643936157227,21.250221252441406,-41.24980163574219,77.2663803100586,8.449220657348633,14.611403465270996
17.72804832458496,21.265396118164062,-41.284332275390625,77.27959442138672,8.449090003967285,14.611441612243652
16.792028427124023,21.113052368164062,-41.115013122558594,77.26311492919922,8.448938369750977,14.611345291137695
15.408041000366211,21.206565856933594,-41.040504455566406,77.2999496459961,8.448702812194824,14.611470222473145
14.782641410827637,21.03852081298828,-40.87926483154297,77.30096435546875,8.448822975158691,14.6115083694458
13.12910270690918,20.920303344726562,-40.708251953125,77.32516479492188,8.44854736328125,14.611546516418457
11.519639015197754,20.694313049316406,-40.3878173828125,77.35537719726562,8.448214530944824,14.611541748046875
9.234247207641602,20.555984497070312,-40.169105529785156,77.3990478515625,8.447872161865234,14.611641883850098
7.376230239868164,20.01512908935547,-39.504425048828125,77.40182495117188,8.447832107543945,14.611627578735352
6.079118728637695,20.052749633789062,-39.44721221923828,77.42303466796875,8.447710990905762,14.611689567565918
4.733400344848633,19.993057250976562,-39.10894012451172,77.42945098876953,8.44768238067627,14.61164379119873
4.613441467285156,20.11145782470703,-39.13660430908203,77.4287109375,8.447457313537598,14.611608505249023
3.06815242767334,26.93254852294922,-51.34703826904297,77.38312530517578,8.356475830078125,14.612668991088867
3.8069138526916504,27.07160186767578,-51.242820739746094,77.38883209228516,8.354670524597168,14.612751960754395
4.0566511154174805,26.90789031982422,-51.38893127441406,77.38980865478516,8.352703094482422,14.612691879272461
4.907669544219971,27.03577423095703,-51.432823181152344,77.41856384277344,8.35434341430664,14.61273193359375
5.199503421783447,27.18212127685547,-51.30963897705078,77.41603088378906,8.353265762329102,14.612798690795898
5.554291725158691,27.251014709472656,-51.382469177246094,77.42974853515625,8.352931022644043,14.612845420837402
6.588901519775391,27.156288146972656,-51.662254333496094,77.45340728759766,8.351787567138672,14.612809181213379
7.191362380981445,27.420028686523438,-51.56401062011719,77.45430755615234,8.351203918457031,14.612835884094238
7.485426902770996,27.48345947265625,-51.61286926269531,77.47163391113281,8.353620529174805,14.612797737121582
8.550363540649414,27.626319885253906,-51.482337951660156,77.4847183227539,8.355459213256836,14.612792015075684
9.125187873840332,27.669479370117188,-51.596778869628906,77.49381256103516,8.354437828063965,14.612776756286621
9.981463432312012,27.714576721191406,-51.480934143066406,77.496826171875,8.356609344482422,14.612736701965332
10.504478454589844,27.566207885742188,-51.697166442871094,77.51348114013672,8.3555326461792,14.612754821777344
11.026773452758789,27.817535400390625,-51.40814971923828,77.50751495361328,8.357230186462402,14.612685203552246
11.839320182800293,27.757469177246094,-51.42256164550781,77.49162292480469,8.35756778717041,14.612700462341309
13.299148559570312,27.509544372558594,-51.506675720214844,77.48944854736328,8.360917091369629,14.612546920776367
13.79879379272461,27.501296997070312,-51.42985534667969,77.48684692382812,8.359781265258789,14.61259937286377
13.99953842163086,27.523681640625,-51.44624328613281,77.47695922851562,8.361942291259766,14.61257266998291
15.113296508789062,27.38019561767578,-51.378662109375,77.47530364990234,8.364017486572266,14.612488746643066
15.994819641113281,27.283554077148438,-51.310462951660156,77.46903991699219,8.364517211914062,14.612427711486816
16.60543441772461,27.17285919189453,-51.361000061035156,77.46318054199219,8.367834091186523,14.612397193908691
17.46907615661621,27.13971710205078,-51.26112365722656,77.45565032958984,8.368295669555664,14.612325668334961
17.624469757080078,27.032318115234375,-51.307838439941406,77.44391632080078,8.36778736114502,14.612316131591797
18.38068389892578,26.80274200439453,-51.3804931640625,77.44677734375,8.369563102722168,14.612256050109863
18.929513931274414,26.648941040039062,-51.40074157714844,77.43440246582031,8.368255615234375,14.612201690673828
19.443065643310547,26.490638732910156,-51.40631866455078,77.43014526367188,8.368128776550293,14.61217212677002
19.70783233642578,26.39984893798828,-51.479949951171875,77.42343139648438,8.37171745300293,14.61213493347168
19.696044921875,26.344078063964844,-51.50294494628906,77.423828125,8.369799613952637,14.612114906311035
19.797271728515625,26.28972625732422,-51.61504364013672,77.42033386230469,8.372759819030762,14.612062454223633
19.98080062866211,26.26219940185547,-51.57118225097656,77.41825103759766,8.373255729675293,14.612083435058594
20.17178726196289,26.152664184570312,-51.66014099121094,77.42289733886719,8.37238597869873,14.612037658691406
19.920013427734375,26.20970916748047,-51.635223388671875,77.4148941040039,8.37294864654541,14.612030982971191
20.607933044433594,26.051536560058594,-51.66978454589844,77.4140396118164,8.374380111694336,14.612013816833496
19.67411231994629,26.1007080078125,-51.76417541503906,77.4127426147461,8.377735137939453,14.612006187438965
20.57233238220215,26.096282958984375,-51.675537109375,77.41651916503906,8.375312805175781,14.61198902130127
20.11886215209961,26.08679962158203,-51.84064483642578,77.41280364990234,8.37763786315918,14.611959457397461
20.405759811401367,25.958084106445312,-51.901893615722656,77.40672302246094,8.376788139343262,14.611937522888184
20.312145233154297,25.97840118408203,-51.935142517089844,77.41207122802734,8.37767219543457,14.611915588378906
20.126583099365234,26.032669067382812,-51.9345703125,77.40592956542969,8.379403114318848,14.611922264099121
20.339746475219727,25.901046752929688,-51.98723602294922,77.40299224853516,8.377408027648926,14.611919403076172
19.89656639099121,25.974594116210938,-52.028297424316406,77.40518188476562,8.381084442138672,14.611918449401855
19.83910369873047,25.837852478027344,-52.14753723144531,77.40245056152344,8.380853652954102,14.611900329589844
19.926334381103516,25.862869262695312,-52.14411163330078,77.41098022460938,8.379166603088379,14.611906051635742
19.606279373168945,25.879119873046875,-52.207664489746094,77.40037536621094,8.380720138549805,14.61187744140625
19.469623565673828,25.85888671875,-52.2451171875,77.39591217041016,8.382862091064453,14.611878395080566
19.289413452148438,25.773948669433594,-52.38316345214844,77.39562225341797,8.382732391357422,14.611868858337402
19.235645294189453,25.780662536621094,-52.363059997558594,77.38897705078125,8.382572174072266,14.611847877502441
19.48017120361328,25.722206115722656,-52.41566467285156,77.38410949707031,8.383517265319824,14.611865997314453
19.506534576416016,25.560195922851562,-52.57787322998047,77.3785629272461,8.383435249328613,14.61187744140625
19.428125381469727,25.647438049316406,-52.530784606933594,77.3781967163086,8.38479232788086,14.611883163452148
19.212726593017578,25.717681884765625,-52.57050323486328,77.37602233886719,8.386140823364258,14.6118803024292
19.503816604614258,25.645538330078125,-52.51146697998047,77.37344360351562,8.385459899902344,14.611886978149414
18.847732543945312,25.73516082763672,-52.62537384033203,77.36754608154297,8.38764476776123,14.6118745803833
19.13475227355957,25.668617248535156,-52.64018249511719,77.36321258544922,8.388653755187988,14.611885070800781
19.148216247558594,25.564620971679688,-52.7745361328125,77.3505630493164,8.389700889587402,14.6119384765625
18.927669525146484,25.72174835205078,-52.78997039794922,77.35609436035156,8.39120864868164,14.611953735351562
19.056270599365234,25.709426879882812,-52.76179504394531,77.34685516357422,8.391617774963379,14.611939430236816
19.46572494506836,25.721534729003906,-52.75361633300781,77.35054016113281,8.39290714263916,14.611939430236816
19.18741226196289,25.74970245361328,-52.795631408691406,77.34769439697266,8.395179748535156,14.611936569213867
19.178722381591797,25.732864379882812,-52.89129638671875,77.34295654296875,8.396381378173828,14.611968040466309
19.217018127441406,25.77435302734375,-52.81707000732422,77.34109497070312,8.397957801818848,14.611937522888184
19.164596557617188,25.89276123046875,-52.81952667236328,77.33819580078125,8.400935173034668,14.611947059631348
18.665267944335938,25.926673889160156,-52.83007049560547,77.33324432373047,8.402344703674316,14.61196517944336
18.993209838867188,26.02275848388672,-52.87821960449219,77.33452606201172,8.404358863830566,14.611961364746094
18.807254791259766,26.107078552246094,-52.878387451171875,77.32740783691406,8.407347679138184,14.611956596374512
19.14325714111328,26.111175537109375,-52.91453552246094,77.32860565185547,8.409263610839844,14.611960411071777
18.93265724182129,26.260696411132812,-52.89141845703125,77.3300552368164,8.412308692932129,14.611952781677246
18.774852752685547,26.379981994628906,-52.83238983154297,77.3289794921875,8.413389205932617,14.61194133758545
18.759836196899414,26.363433837890625,-52.894996643066406,77.32455444335938,8.415536880493164,14.61192798614502
18.73859405517578,26.389442443847656,-52.90203857421875,77.31925201416016,8.417224884033203,14.611948013305664
18.956064224243164,26.496307373046875,-52.90138244628906,77.32229614257812,8.418452262878418,14.611926078796387
18.902515411376953,26.423660278320312,-52.940460205078125,77.31562805175781,8.420024871826172,14.611916542053223
18.761857986450195,26.495132446289062,-52.901649475097656,77.31497192382812,8.421226501464844,14.611909866333008
18.60633087158203,26.568069458007812,-52.937767028808594,77.31464385986328,8.423420906066895,14.611918449401855
18.49410057067871,26.606704711914062,-52.931800842285156,77.30757904052734,8.42515754699707,14.611913681030273
18.487529754638672,26.705787658691406,-52.930030822753906,77.31119537353516,8.425992965698242,14.611913681030273
18.532535552978516,26.674957275390625,-52.94609832763672,77.31155395507812,8.425704956054688,14.611886978149414
18.25506591796875,26.69098663330078,-52.92585754394531,77.3079833984375,8.425992965698242,14.611884117126465
18.320079803466797,26.79627227783203,-52.96284484863281,77.31452178955078,8.427599906921387,14.611903190612793
18.115739822387695,26.83185577392578,-53.00238037109375,77.30839538574219,8.429603576660156,14.611909866333008
18.194976806640625,26.8582763671875,-52.96318054199219,77.3061294555664,8.429786682128906,14.611886978149414
17.864240646362305,26.907730102539062,-52.963623046875,77.30052185058594,8.430071830749512,14.611865997314453
18.279226303100586,26.73564910888672,-52.94602966308594,77.30157470703125,8.42908000946045,14.61186695098877
17.99200439453125,26.897674560546875,-52.97870635986328,77.30540466308594,8.431171417236328,14.61186408996582
17.726280212402344,26.827072143554688,-52.991004943847656,77.30638122558594,8.430251121520996,14.611865043640137
17.513803482055664,26.867233276367188,-52.9600830078125,77.30189514160156,8.430671691894531,14.611875534057617
17.58761215209961,26.874801635742188,-52.98149108886719,77.30580139160156,8.431236267089844,14.611848831176758
17.675174713134766,26.801254272460938,-52.99833679199219,77.31065368652344,8.430109024047852,14.61185359954834
17.593955993652344,26.81890869140625,-52.989768981933594,77.31430053710938,8.429342269897461,14.611848831176758
17.31202507019043,26.836326599121094,-53.02726745605469,77.31855773925781,8.430838584899902,14.611876487731934
16.78708839416504,26.77692413330078,-53.04071044921875,77.31593322753906,8.429152488708496,14.61184310913086
16.27398681640625,26.798927307128906,-53.01936340332031,77.32411193847656,8.42816162109375,14.611860275268555
16.360595703125,26.671356201171875,-53.05796813964844,77.32479858398438,8.425644874572754,14.611837387084961
15.553836822509766,26.674819946289062,-53.173675537109375,77.35175323486328,8.424931526184082,14.611859321594238
14.955436706542969,26.615577697753906,-53.24242401123047,77.36436462402344,8.423768997192383,14.611863136291504
13.636159896850586,26.559371948242188,-53.33818054199219,77.38716125488281,8.419108390808105,14.61196517944336
11.773959159851074,26.48639678955078,-53.47491455078125,77.39545440673828,8.415310859680176,14.612019538879395
10.429594039916992,26.464378356933594,-53.54722595214844,77.4338150024414,8.412371635437012,14.612071990966797
8.795329093933105,26.463279724121094,-53.56549072265625,77.43739318847656,8.41059398651123,14.612115859985352
9.415493965148926,26.459999084472656,-53.680152893066406,77.45342254638672,8.412115097045898,14.612152099609375
-1.1251602172851562,31.593399047851562,-51.85973358154297,77.39778137207031,8.427176475524902,14.609946250915527
-0.1927337646484375,31.44970703125,-52.04485321044922,77.40580749511719,8.425517082214355,14.61009693145752
0.6961355209350586,31.309547424316406,-52.21357727050781,77.40830993652344,8.423969268798828,14.610326766967773
2.147296905517578,31.074844360351562,-52.57252502441406,77.42452239990234,8.421079635620117,14.61063003540039
2.645901679992676,30.958290100097656,-52.590736389160156,77.3966064453125,8.418092727661133,14.610814094543457
3.486225128173828,30.828147888183594,-52.77405548095703,77.40461730957031,8.415190696716309,14.610971450805664
5.182184219360352,30.584205627441406,-53.225379943847656,77.44731140136719,8.413311958312988,14.611286163330078
6.213936805725098,30.539710998535156,-53.355262756347656,77.4350357055664,8.406538009643555,14.611444473266602
6.687732696533203,30.44183349609375,-53.50337219238281,77.45254516601562,8.406518936157227,14.611454963684082
9.281976699829102,30.322860717773438,-53.52399444580078,77.46296691894531,8.402118682861328,14.611634254455566
10.267316818237305,30.32421875,-53.85633087158203,77.47946166992188,8.394951820373535,14.611567497253418
11.47531509399414,30.208274841308594,-53.908241271972656,77.49222564697266,8.390963554382324,14.611637115478516
12.564268112182617,30.141822814941406,-53.92998504638672,77.4787826538086,8.385735511779785,14.61169147491455
13.336023330688477,30.17443084716797,-54.053871154785156,77.510009765625,8.381426811218262,14.611654281616211
13.933351516723633,30.109634399414062,-54.11628723144531,77.5064468383789,8.3793306350708,14.611674308776855
15.702957153320312,30.093421936035156,-54.34782409667969,77.52137756347656,8.370245933532715,14.611666679382324
16.179622650146484,30.034255981445312,-54.28478240966797,77.50027465820312,8.367409706115723,14.611747741699219
15.951133728027344,30.11199188232422,-54.36589813232422,77.49651336669922,8.369683265686035,14.611804008483887
17.112789154052734,30.0299072265625,-54.374855041503906,77.52107238769531,8.365782737731934,14.611809730529785
17.163469314575195,30.03925323486328,-54.31904602050781,77.51133728027344,8.366694450378418,14.61181354522705
17.846445083618164,29.960494995117188,-54.50163269042969,77.51947784423828,8.361412048339844,14.611821174621582
18.147144317626953,30.03119659423828,-54.489051818847656,77.5201644897461,8.358611106872559,14.611844062805176
18.454851150512695,30.033592224121094,-54.53685760498047,77.51441192626953,8.355709075927734,14.61182689666748
18.419584274291992,30.089126586914062,-54.603485107421875,77.50446319580078,8.35621452331543,14.61182975769043
18.56608009338379,30.142906188964844,-54.50581359863281,77.49784851074219,8.357767105102539,14.611856460571289
18.824726104736328,30.071083068847656,-54.51698303222656,77.50924682617188,8.358549118041992,14.611900329589844
19.0233154296875,30.1282958984375,-54.52561950683594,77.5094985961914,8.358784675598145,14.61186695098877
18.42970085144043,30.16424560546875,-54.51564025878906,77.488037109375,8.363569259643555,14.611898422241211
18.615907669067383,30.267959594726562,-54.54155731201172,77.49674987792969,8.363188743591309,14.611927032470703
18.574472427368164,30.2626953125,-54.444236755371094,77.48822784423828,8.365917205810547,14.611865997314453
18.56466293334961,30.252464294433594,-54.375083923339844,77.48677825927734,8.366515159606934,14.611910820007324
18.433279037475586,30.32262420654297,-54.36553192138672,77.46041107177734,8.371889114379883,14.611892700195312
18.78108024597168,30.416549682617188,-54.27423095703125,77.47271728515625,8.372838973999023,14.611884117126465
18.5479736328125,30.446624755859375,-54.169456481933594,77.46751403808594,8.37944507598877,14.611923217773438
18.750446319580078,30.440383911132812,-54.14484405517578,77.45724487304688,8.381487846374512,14.611923217773438
18.34447479248047,30.537460327148438,-54.131019592285156,77.45008850097656,8.382521629333496,14.611913681030273
18.549028396606445,30.663284301757812,-54.062957763671875,77.45236206054688,8.384990692138672,14.611910820007324
18.273399353027344,30.741546630859375,-54.02898406982422,77.44737243652344,8.390954971313477,14.611917495727539
18.037330627441406,30.819564819335938,-53.9193115234375,77.4339828491211,8.397929191589355,14.611950874328613
18.260181427001953,30.956695556640625,-53.91303253173828,77.42528533935547,8.396719932556152,14.611940383911133
17.790674209594727,31.042831420898438,-53.832725524902344,77.4255142211914,8.40867805480957,14.61202335357666
17.804615020751953,30.99237060546875,-53.811302185058594,77.42440032958984,8.408196449279785,14.611990928649902
18.105924606323242,31.121177673339844,-53.73237609863281,77.41947937011719,8.408721923828125,14.612004280090332
17.93958282470703,31.2398681640625,-53.773582458496094,77.41380310058594,8.409799575805664,14.612001419067383
17.388689041137695,31.430648803710938,-53.640289306640625,77.42203521728516,8.420784950256348,14.612059593200684
17.286479949951172,31.443130493164062,-53.63993835449219,77.41637420654297,8.421945571899414,14.612024307250977
17.473438262939453,31.413375854492188,-53.67018127441406,77.41402435302734,8.420404434204102,14.612015724182129
17.368602752685547,31.63702392578125,-53.54777526855469,77.41297912597656,8.42675495147705,14.611974716186523
17.31745147705078,31.563018798828125,-53.59910583496094,77.4021224975586,8.427942276000977,14.611991882324219
16.994165420532227,31.842391967773438,-53.55462646484375,77.41345977783203,8.434370040893555,14.61202335357666
16.822389602661133,31.967071533203125,-53.49786376953125,77.41112518310547,8.436226844787598,14.612044334411621
17.028820037841797,31.869422912597656,-53.37886047363281,77.40572357177734,8.436464309692383,14.611976623535156
16.76276969909668,32.03350830078125,-53.484657287597656,77.41213989257812,8.437509536743164,14.612001419067383
16.644798278808594,32.14949035644531,-53.36871337890625,77.4110107421875,8.442008018493652,14.612040519714355
16.88784408569336,32.033531188964844,-53.45843505859375,77.39885711669922,8.437917709350586,14.6119384765625
16.672950744628906,32.314239501953125,-53.426902770996094,77.412353515625,8.441995620727539,14.611998558044434
16.67133331298828,32.29590606689453,-53.39813232421875,77.4013900756836,8.442071914672852,14.61195182800293
16.911853790283203,32.40662384033203,-53.342254638671875,77.40457916259766,8.443122863769531,14.611933708190918
16.588146209716797,32.45790100097656,-53.29106140136719,77.40574645996094,8.444276809692383,14.611909866333008
16.351776123046875,32.47196960449219,-53.31507873535156,77.40664672851562,8.445250511169434,14.611943244934082
16.78117561340332,32.483116149902344,-53.282020568847656,77.40724182128906,8.444097518920898,14.611809730529785
17.016605377197266,32.607635498046875,-53.31122589111328,77.40480041503906,8.443025588989258,14.611747741699219
16.433080673217773,32.66808319091797,-53.27568054199219,77.4015884399414,8.445289611816406,14.611783027648926
16.88297462463379,32.77880859375,-53.30558776855469,77.40591430664062,8.44374942779541,14.611676216125488
16.515342712402344,32.937042236328125,-53.25818634033203,77.40499114990234,8.445738792419434,14.611647605895996
16.89231300354004,32.943603515625,-53.272216796875,77.40303039550781,8.445571899414062,14.611542701721191
16.37660789489746,33.147254943847656,-53.282371520996094,77.4116439819336,8.447091102600098,14.611588478088379
16.397232055664062,33.18721008300781,-53.177276611328125,77.4123764038086,8.447347640991211,14.611495018005371
16.369644165039062,33.248451232910156,-53.18867492675781,77.41206359863281,8.448030471801758,14.61139965057373
16.54287338256836,33.2064208984375,-53.266090393066406,77.40486907958984,8.446992874145508,14.611412048339844
16.294620513916016,33.474830627441406,-53.22608947753906,77.4139175415039,8.448161125183105,14.61133861541748
16.10259246826172,33.38011932373047,-53.232398986816406,77.40533447265625,8.44853401184082,14.611326217651367
16.02216339111328,33.475303649902344,-53.17315673828125,77.4053726196289,8.448943138122559,14.61124324798584
16.07918930053711,33.509796142578125,-53.15935516357422,77.40909576416016,8.448983192443848,14.611238479614258
15.730409622192383,33.69898986816406,-53.134559631347656,77.40646362304688,8.449422836303711,14.611183166503906
15.692214965820312,33.758567810058594,-53.014495849609375,77.4061279296875,8.449554443359375,14.611166954040527
15.587617874145508,33.83747863769531,-53.06145477294922,77.41192626953125,8.44954776763916,14.611123085021973
15.389667510986328,33.837379455566406,-53.084388732910156,77.40021514892578,8.449600219726562,14.611096382141113
15.219413757324219,33.880859375,-53.021507263183594,77.40615844726562,8.449699401855469,14.611059188842773
14.855195999145508,33.935157775878906,-52.99146270751953,77.39999389648438,8.449753761291504,14.611082077026367
15.076631546020508,33.974952697753906,-52.92322540283203,77.4029312133789,8.449761390686035,14.611042976379395
14.584466934204102,34.0133056640625,-52.928184509277344,77.39607238769531,8.449748039245605,14.61103343963623
14.935774803161621,33.895851135253906,-52.92060852050781,77.39606475830078,8.44970417022705,14.611071586608887
14.593031883239746,34.1158447265625,-52.885643005371094,77.40147399902344,8.449767112731934,14.611000061035156
14.251801490783691,33.93805694580078,-52.960289001464844,77.39823913574219,8.44968318939209,14.61103343963623
14.171964645385742,34.122169494628906,-52.797447204589844,77.39654541015625,8.449702262878418,14.611001968383789
13.934100151062012,34.089324951171875,-52.80485534667969,77.39421081542969,8.449736595153809,14.610994338989258
14.03427505493164,33.886962890625,-52.90240478515625,77.40068817138672,8.449658393859863,14.611078262329102
14.042120933532715,33.888694763183594,-52.79266357421875,77.4002456665039,8.4498872756958,14.611067771911621
13.599335670471191,33.93150329589844,-52.76239013671875,77.40413665771484,8.449787139892578,14.611016273498535
13.190430641174316,33.942604064941406,-52.781829833984375,77.39886474609375,8.449666976928711,14.610973358154297
12.787403106689453,33.95033264160156,-52.7137451171875,77.40325927734375,8.449644088745117,14.611016273498535
12.271818161010742,33.76439666748047,-52.80658721923828,77.4078598022461,8.449748992919922,14.611082077026367
11.653051376342773,33.70294952392578,-52.84174346923828,77.41743469238281,8.449446678161621,14.611013412475586
11.231812477111816,33.76387023925781,-52.787811279296875,77.42374420166016,8.449491500854492,14.610978126525879
9.938593864440918,33.563140869140625,-52.84473419189453,77.43789672851562,8.449191093444824,14.611045837402344
8.530275344848633,33.53369903564453,-52.82835388183594,77.43185424804688,8.449051856994629,14.611018180847168
7.634988784790039,33.32215118408203,-52.894561767578125,77.44486999511719,8.448808670043945,14.611047744750977
6.760158538818359,33.25825500488281,-52.79754638671875,77.44207763671875,8.448759078979492,14.6109037399292
6.3411760330200195,33.226959228515625,-52.921958923339844,77.44974517822266,8.448698043823242,14.611047744750977
